Date;Hour;Minute;Quarter;Temperature;Solar;Wind;Consumption
2026-10-09;2;0;0;17.01;0.0;469.2;4201.2
2026-10-09;2;15;1;16.95;0.0;469.6;4188.5
2026-10-09;2;30;2;16.9;0.0;481.9;4178.6
2026-10-09;2;45;3;16.84;0.0;491.6;4178.9
2026-10-09;3;0;0;16.77;0.0;496.1;4191.5
2026-10-09;3;15;1;16.71;0.0;500.3;4197.6
2026-10-09;3;30;2;16.65;0.0;514.9;4205.8
2026-10-09;3;45;3;16.61;0.0;512.6;4212.1
2026-10-09;4;0;0;16.58;0.0;524.5;4240.2
2026-10-09;4;15;1;16.56;0.0;535.4;4278.6
2026-10-09;4;30;2;16.54;0.0;547.7;4332.2
2026-10-09;4;45;3;16.5;0.0;567.7;4405.8
2026-10-09;5;0;0;16.46;0.0;568.5;4528.5
2026-10-09;5;15;1;16.41;0.0;566.3;4613.2
2026-10-09;5;30;2;16.36;0.0;552.4;4709.7
2026-10-09;5;45;3;16.25;0.0;549.2;4820.0
2026-10-09;6;0;0;16.11;0.0;530.6;4940.8
2026-10-09;6;15;1;15.95;8.7;496.7;5032.3
2026-10-09;6;30;2;15.84;117.6;461.6;5118.9
2026-10-09;6;45;3;15.86;312.5;430.3;5203.3
2026-10-09;7;0;0;16.06;839.6;400.7;5275.6
2026-10-09;7;15;1;16.42;1143.7;390.2;5343.6
2026-10-09;7;30;2;16.88;1503.9;376.6;5413.1
2026-10-09;7;45;3;17.4;1869.3;362.0;5483.3
2026-10-09;8;0;0;17.91;2322.0;360.2;5541.3
2026-10-09;8;15;1;18.38;2586.8;361.9;5707.6
2026-10-09;8;30;2;18.81;2973.9;380.6;5857.0
2026-10-09;8;45;3;19.26;3424.3;376.3;5998.9
2026-10-09;9;0;0;19.66;3869.3;396.1;6072.0
2026-10-09;9;15;1;20.03;4253.8;429.8;6133.9
2026-10-09;9;30;2;20.38;4492.2;439.7;6180.2
2026-10-09;9;45;3;20.65;4753.6;452.4;6221.3
2026-10-09;10;0;0;20.91;5071.9;479.4;6289.9
2026-10-09;10;15;1;21.18;5256.8;505.2;6406.5
2026-10-09;10;30;2;21.45;5547.5;537.3;6537.5
2026-10-09;10;45;3;21.8;5739.6;569.8;6657.9
2026-10-09;11;0;0;22.17;5945.7;614.2;6749.5
2026-10-09;11;15;1;22.55;6144.0;628.5;6789.0
2026-10-09;11;30;2;22.91;6368.6;638.9;6812.4
2026-10-09;11;45;3;23.29;6574.8;652.3;6825.3
2026-10-09;12;0;0;23.6;6685.3;657.2;6821.8
2026-10-09;12;15;1;23.84;6667.5;651.9;6811.0
2026-10-09;12;30;2;24.04;6573.1;639.4;6792.0
2026-10-09;12;45;3;24.15;6493.4;637.3;6763.7
2026-10-09;13;0;0;24.24;6373.4;636.9;6692.7
2026-10-09;13;15;1;24.31;6076.2;662.7;6617.8
2026-10-09;13;30;2;24.38;5784.2;651.3;6531.0
2026-10-09;13;45;3;24.43;5672.0;647.1;6455.8
2026-10-09;14;0;0;24.49;5516.4;672.9;6368.1
2026-10-09;14;15;1;24.55;5261.5;701.5;6256.3
2026-10-09;14;30;2;24.59;5079.6;732.4;6153.7
2026-10-09;14;45;3;24.68;4653.8;763.8;6057.8
2026-10-09;15;0;0;24.72;4339.1;785.9;5993.4
2026-10-09;15;15;1;24.73;4017.3;791.9;5938.4
2026-10-09;15;30;2;24.72;3642.3;803.8;5896.2
2026-10-09;15;45;3;24.61;3231.0;819.2;5861.1
2026-10-09;16;0;0;24.49;2917.7;826.3;5862.7
2026-10-09;16;15;1;24.36;2512.0;810.1;5836.9
2026-10-09;16;30;2;24.19;2062.0;808.1;5815.7
2026-10-09;16;45;3;24.0;1621.0;812.3;5797.6
2026-10-09;17;0;0;23.74;1145.2;812.1;5800.5
2026-10-09;17;15;1;23.42;768.8;811.0;5775.6
2026-10-09;17;30;2;23.09;449.5;804.4;5777.8
2026-10-09;17;45;3;22.66;157.3;816.2;5808.3
2026-10-09;18;0;0;22.31;0.0;790.9;5911.9
2026-10-09;18;15;1;22.04;0.0;748.8;6004.4
2026-10-09;18;30;2;21.83;0.0;699.4;6102.3
2026-10-09;18;45;3;21.63;0.0;667.3;6176.1
2026-10-09;19;0;0;21.44;0.0;644.1;6153.0
2026-10-09;19;15;1;21.25;0.0;624.6;6188.7
2026-10-09;19;30;2;21.06;0.0;604.7;6163.4
2026-10-09;19;45;3;20.93;0.0;582.0;6097.8
2026-10-09;20;0;0;20.81;0.0;570.5;5904.1
2026-10-09;20;15;1;20.69;0.0;561.7;5774.0
2026-10-09;20;30;2;20.57;0.0;552.3;5638.9
2026-10-09;20;45;3;20.39;0.0;547.1;5494.1
2026-10-09;21;0;0;20.21;0.0;526.1;5372.7
2026-10-09;21;15;1;20.03;0.0;485.8;5275.4
2026-10-09;21;30;2;19.85;0.0;466.0;5152.0
2026-10-09;21;45;3;19.7;0.0;422.3;5055.5
2026-10-09;22;0;0;19.56;0.0;391.4;4989.7
2026-10-09;22;15;1;19.41;0.0;370.2;4935.9
2026-10-09;22;30;2;19.25;0.0;341.3;4873.0
2026-10-09;22;45;3;19.15;0.0;315.6;4809.0
2026-10-09;23;0;0;19.05;0.0;297.1;4722.4
2026-10-09;23;15;1;18.95;0.0;286.2;4705.0
2026-10-09;23;30;2;18.86;0.0;283.7;4687.2
2026-10-09;23;45;3;18.69;0.0;279.6;4651.8
2026-10-10;0;0;0;18.53;0.0;271.0;4607.0
2026-10-10;0;15;1;18.38;0.0;272.5;4532.3
2026-10-10;0;30;2;18.23;0.0;268.2;4465.2
2026-10-10;0;45;3;18.17;0.0;266.3;4424.3
2026-10-10;1;0;0;18.11;0.0;264.0;4408.3
2026-10-10;1;15;1;18.04;0.0;266.6;4346.9
2026-10-10;1;30;2;17.97;0.0;262.0;4291.5
2026-10-10;1;45;3;17.88;0.0;265.2;4236.7
2026-10-10;2;0;0;17.8;0.0;264.7;4193.9
2026-10-10;2;15;1;17.73;0.0;259.0;4172.6
2026-10-10;2;30;2;17.66;0.0;245.6;4155.1
2026-10-10;2;45;3;17.61;0.0;242.6;4146.6
2026-10-10;3;0;0;17.55;0.0;240.4;4145.8
2026-10-10;3;15;1;17.46;0.0;231.8;4135.7
2026-10-10;3;30;2;17.36;0.0;232.4;4126.0
2026-10-10;3;45;3;17.28;0.0;230.5;4121.1
2026-10-10;4;0;0;17.19;0.0;228.5;4128.5
2026-10-10;4;15;1;17.09;0.0;223.8;4135.0
2026-10-10;4;30;2;17.0;0.0;222.1;4151.8
2026-10-10;4;45;3;16.89;0.0;217.6;4179.1
2026-10-10;5;0;0;16.81;0.0;211.7;4235.7
2026-10-10;5;15;1;16.74;0.0;209.1;4290.4
2026-10-10;5;30;2;16.67;0.0;205.3;4340.7
2026-10-10;5;45;3;16.56;0.0;201.2;4385.8
2026-10-10;6;0;0;16.43;0.0;201.3;4423.9
2026-10-10;6;15;1;16.29;4.0;199.8;4446.3
2026-10-10;6;30;2;16.2;90.7;198.9;4488.8
2026-10-10;6;45;3;16.24;256.6;200.5;4562.4
2026-10-10;7;0;0;16.44;688.4;201.5;4708.1
2026-10-10;7;15;1;16.79;1024.1;188.0;4882.4
2026-10-10;7;30;2;17.25;1424.4;185.2;5068.5
2026-10-10;7;45;3;17.78;1842.9;180.4;5262.1
2026-10-10;8;0;0;18.31;2326.7;176.8;5461.7
2026-10-10;8;15;1;18.82;2774.6;157.7;5713.2
2026-10-10;8;30;2;19.3;3213.4;144.2;5944.2
2026-10-10;8;45;3;19.79;3696.4;132.6;6176.2
2026-10-10;9;0;0;20.25;4201.7;121.5;6344.9
2026-10-10;9;15;1;20.67;4697.8;120.1;6495.5
2026-10-10;9;30;2;21.05;5020.6;116.3;6619.8
2026-10-10;9;45;3;21.34;5425.5;106.4;6724.6
2026-10-10;10;0;0;21.6;5670.1;110.9;6828.9
2026-10-10;10;15;1;21.83;5938.9;147.9;6930.0
2026-10-10;10;30;2;22.03;6206.1;187.7;7037.1
2026-10-10;10;45;3;22.27;6408.5;228.8;7128.9
2026-10-10;11;0;0;22.47;6719.6;260.8;7191.5
2026-10-10;11;15;1;22.63;6789.9;297.0;7233.5
2026-10-10;11;30;2;22.77;6897.4;332.3;7257.7
2026-10-10;11;45;3;22.94;6952.7;377.8;7277.4
2026-10-10;12;0;0;23.09;6863.6;415.9;7278.6
2026-10-10;12;15;1;23.24;6943.1;469.0;7291.7
2026-10-10;12;30;2;23.38;6675.9;511.4;7291.6
2026-10-10;12;45;3;23.48;6388.4;580.1;7275.1
2026-10-10;13;0;0;23.59;6159.5;621.4;7195.9
2026-10-10;13;15;1;23.7;5764.9;656.1;7107.3
2026-10-10;13;30;2;23.79;5678.6;665.2;7005.9
2026-10-10;13;45;3;23.87;5278.0;699.8;6912.1
2026-10-10;14;0;0;23.91;5003.4;713.8;6812.9
2026-10-10;14;15;1;23.93;4752.2;720.3;6671.1
2026-10-10;14;30;2;23.91;4383.7;650.1;6540.0
2026-10-10;14;45;3;23.92;3943.7;639.9;6422.1
2026-10-10;15;0;0;23.9;3449.3;614.3;6350.6
2026-10-10;15;15;1;23.85;2985.7;580.1;6187.2
2026-10-10;15;30;2;23.78;2638.9;568.3;6034.7
2026-10-10;15;45;3;23.64;2268.5;557.2;5888.0
2026-10-10;16;0;0;23.52;1954.3;537.9;5767.9
2026-10-10;16;15;1;23.4;1564.8;515.3;5739.2
2026-10-10;16;30;2;23.28;1200.8;518.3;5717.6
2026-10-10;16;45;3;23.16;951.6;550.9;5705.3
2026-10-10;17;0;0;22.99;707.2;546.8;5725.9
2026-10-10;17;15;1;22.78;512.7;492.9;5703.4
2026-10-10;17;30;2;22.57;360.4;455.6;5711.7
2026-10-10;17;45;3;22.25;212.2;424.5;5751.1
2026-10-10;18;0;0;21.99;0.5;392.6;5860.7
2026-10-10;18;15;1;21.77;0.0;342.4;5964.8
2026-10-10;18;30;2;21.59;0.0;287.3;6064.8
2026-10-10;18;45;3;21.4;0.0;257.8;6131.1
2026-10-10;19;0;0;21.22;0.0;252.7;6078.7
2026-10-10;19;15;1;21.02;0.0;254.3;6114.3
2026-10-10;19;30;2;20.82;0.0;253.5;6092.9
2026-10-10;19;45;3;20.66;0.0;255.1;6039.5
2026-10-10;20;0;0;20.51;0.0;261.6;5888.4
2026-10-10;20;15;1;20.36;0.0;266.0;5765.9
2026-10-10;20;30;2;20.21;0.0;268.5;5642.9
2026-10-10;20;45;3;20.01;0.0;278.2;5513.2
2026-10-10;21;0;0;19.8;0.0;291.7;5401.5
2026-10-10;21;15;1;19.6;0.0;303.1;5289.6
2026-10-10;21;30;2;19.41;0.0;316.5;5183.7
2026-10-10;21;45;3;19.26;0.0;325.2;5090.9
2026-10-10;22;0;0;19.11;0.0;330.4;5001.9
2026-10-10;22;15;1;18.96;0.0;350.4;4917.0
2026-10-10;22;30;2;18.82;0.0;354.6;4829.5
2026-10-10;22;45;3;18.73;0.0;364.1;4748.8
2026-10-10;23;0;0;18.65;0.0;363.9;4667.9
2026-10-10;23;15;1;18.56;0.0;376.6;4595.9
2026-10-10;23;30;2;18.47;0.0;372.1;4525.9
2026-10-10;23;45;3;18.3;0.0;382.7;4439.4
